accuracy,artist,other_score,target_score
0.9104880021569156,A$AP Ant,0.9096598639455782,1.0
0.9117885082276773,A$AP Ant,0.9108505997818975,1.0
0.9089647515958923,A$AP Ant,0.908223407241089,0.975
0.8740623766285037,A$AP Ant,0.8728813559322034,0.9272727272727272
0.9107625743645213,A$AP Ant,0.9101092896174864,0.9736842105263158
0.861342694164107,A$AP Ant,0.8595227375056281,0.9310344827586207
0.9149102263856362,A$AP Ant,0.9140378548895899,1.0
0.9227357609710551,A$AP Ant,0.9224970553592462,0.9487179487179487
0.9066136815214306,A$AP Ant,0.906789413118527,0.8936170212765957
0.8765810655423534,A$AP Ant,0.8744639376218324,1.0
0.9134210526315789,A$AP Ant,0.9125697581716715,1.0
0.901323706377858,A$AP Ant,0.9001825928180158,1.0
0.9022054556006964,A$AP Ant,0.9013754755633596,1.0
0.8989838613269575,A$AP Ant,0.8981314044605184,1.0
0.8966489195114312,A$AP Ant,0.8954703832752613,1.0
0.9097744360902256,A$AP Ant,0.9092632719393283,0.96875
0.9131926121372032,A$AP Ant,0.9127767404641237,0.9512195121951219
0.8728370221327968,A$AP Ant,0.8720594304581097,0.9032258064516129
0.8945176960444136,A$AP Ant,0.8924769339957417,0.984375
0.9015527950310559,A$AP Ant,0.9002840012622279,0.9803921568627451
0.8713426853707414,A$AP Ant,0.8695829926410467,0.9591836734693877
0.9122662266226622,A$AP Ant,0.9115760111576011,0.9607843137254902
0.8959407216494846,A$AP Ant,0.8944789284547533,1.0
0.9038683602771362,A$AP Ant,0.9031787693205016,0.9714285714285714
0.9091900736296701,A$AP Ant,0.9088154269972452,0.9459459459459459
0.9119680851063829,A$AP Ant,0.9118042484538854,0.926829268292683
0.8956112852664577,A$AP Ant,0.894770206022187,0.9714285714285714
0.9142930459327688,A$AP Ant,0.9135834411384217,1.0
0.9154140127388535,A$AP Ant,0.9146748907735801,1.0
0.9213161659513591,A$AP Ant,0.9214457831325301,0.9090909090909091
0.9209894332372719,A$AP Ant,0.9206888188212466,0.9512195121951219
0.904093567251462,A$AP Ant,0.9030159668835009,1.0
0.9179460031762837,A$AP Ant,0.9169354838709678,0.9827586206896551
0.9187973484848485,A$AP Ant,0.919350990217132,0.8484848484848485
0.8996104285286185,A$AP Ant,0.8986690865093769,1.0
0.9092896174863389,A$AP Ant,0.9084390512961942,1.0
0.9169084674228436,A$AP Ant,0.9157754010695187,1.0
0.9053937121430632,A$AP Ant,0.9048175182481751,0.9523809523809523
0.9083969465648855,A$AP Ant,0.9075293444030919,0.9772727272727273
0.8578982154659617,A$AP Ant,0.8514328808446455,0.9037433155080213
0.9109257265877287,A$AP Ant,0.9107482993197279,0.926829268292683
0.8890915724188252,A$AP Ant,0.8871028037383177,0.9696969696969697
0.8822612085769981,A$AP Ant,0.8804653028479743,0.9444444444444444
0.9145794885315054,A$AP Ant,0.913843691651107,0.9772727272727273
0.9096435479414203,A$AP Ant,0.908659217877095,1.0
0.886223191566703,A$AP Ant,0.884272997032641,0.9818181818181818
0.9163701067615658,A$AP Ant,0.9155760841673082,1.0
0.8793745346239762,A$AP Ant,0.8786039453717754,0.92
0.8938640132669984,A$AP Ant,0.8930138373270334,0.9423076923076923
0.9152456095698651,A$AP Ant,0.9149537512846866,0.9459459459459459
0.8803290949887809,A$AP Ant,0.8788109756097561,0.96
0.9161404395049255,A$AP Ant,0.9156257965842467,0.9722222222222222
0.9225688909132316,A$AP Ant,0.9221076746849943,1.0
0.9099220220489379,A$AP Ant,0.9098316132536665,0.918918918918919
0.9145211122554068,A$AP Ant,0.9139812889812889,0.9722222222222222
0.919766081871345,A$AP Ant,0.9193320790216368,1.0
0.9096844396082698,A$AP Ant,0.9097413318657127,0.9047619047619048
0.8817040699885889,A$AP Ant,0.8803585346843336,0.9365079365079365
0.9170471841704718,A$AP Ant,0.9164316841835427,0.975609756097561
0.8778245882803524,A$AP Ant,0.8773510971786834,0.8983050847457628
0.9118763557483731,A$AP Ant,0.9108856594461201,1.0
0.8890429958391124,A$AP Ant,0.8888888888888888,0.896551724137931
0.8690671031096563,A$AP Ant,0.8687080536912751,0.8833333333333333
0.9227771010962241,A$AP Ant,0.9222606120434353,0.9622641509433962
0.9168844746471511,A$AP Ant,0.9169320594479831,0.9137931034482759
0.9206158287226365,A$AP Ant,0.9201262442340374,0.9736842105263158
0.9138896294321515,A$AP Ant,0.9133369330453563,0.9574468085106383
0.9086872051068554,A$AP Ant,0.9084269662921348,0.9302325581395349
0.9140295358649789,A$AP Ant,0.9133333333333333,0.9761904761904762
0.9289547113114403,A$AP Ant,0.9287878787878788,0.9487179487179487
0.9138166894664843,A$AP Ant,0.9125971143174251,1.0
0.9328712871287129,A$AP Ant,0.9325104519211627,1.0
0.9194437784703908,A$AP Ant,0.9190625755013289,0.96875
0.9224555735056543,A$AP Ant,0.9221111369448965,0.96875
0.8883561643835617,A$AP Ant,0.8873435326842837,0.9545454545454546
0.9229871645274212,A$AP Ant,0.9229318878152251,0.9285714285714286
0.9197783666586364,A$AP Ant,0.9191355026711996,1.0
0.9114688128772636,A$AP Ant,0.9114109709592256,0.9142857142857143
0.9045428407130535,A$AP Ant,0.9047757716948165,0.8863636363636364
0.9162586962123164,A$AP Ant,0.9153645833333334,1.0
0.9177415429544902,A$AP Ant,0.9173817112037264,0.9666666666666667
0.9207302426134999,A$AP Ant,0.9200387690816574,1.0
0.9248170326014638,A$AP Ant,0.9245535714285714,0.9655172413793104
0.9198733560642961,A$AP Ant,0.9197637213881369,0.9302325581395349
0.9251240414975191,A$AP Ant,0.9245454545454546,1.0
0.9252206223873665,A$AP Ant,0.9248473461719117,0.9583333333333334
0.8914011647824598,A$AP Ant,0.8900907187718073,0.9622641509433962
0.9159642401021711,A$AP Ant,0.9153766769865841,0.9743589743589743
0.919072292129287,A$AP Ant,0.9185148268128582,0.975
0.9255583126550868,A$AP Ant,0.9251422070534698,0.9736842105263158
0.8936831204694512,A$AP Ant,0.8917870990482905,0.9833333333333333
0.9172396856581533,A$AP Ant,0.9166460549097205,1.0
0.9165625780664501,A$AP Ant,0.9165195460277428,0.9210526315789473
0.9146119906566312,A$AP Ant,0.9144356955380577,0.9302325581395349
0.8686094069529653,A$AP Ant,0.8624252311038608,0.9658119658119658
0.9215456674473068,A$AP Ant,0.921170639603493,0.9696969696969697
0.9206945096198967,A$AP Ant,0.9203686200378072,0.9666666666666667
0.9273298429319372,A$AP Ant,0.92739898989899,0.9130434782608695
0.8859434949424485,A$AP Ant,0.8857345635202271,0.8979591836734694
0.881243063263041,A$AP Ant,0.8803773584905661,0.9245283018867925
0.8984973934375958,A$AP Ant,0.8983840894965818,0.9069767441860465
0.9232490490042515,A$AP Ant,0.923042304230423,0.96
0.8971391835422694,A$AP Ant,0.8963713631905852,0.9423076923076923
0.968141592920354,A$AP Rocky,0.9782608695652174,0.9677121771217713
0.7889499869075675,A$AP Rocky,0.7857350800582241,0.8177083333333334
0.7965898174831892,A$AP Rocky,0.7940337224383917,0.8284789644012945
0.802003261122758,A$AP Rocky,0.799649386426246,0.8333333333333334
0.796829268292683,A$AP Rocky,0.792094861660079,0.8557377049180328
0.8314274447949527,A$AP Rocky,0.8295525494276795,0.8651685393258427
0.8360172820109977,A$AP Rocky,0.8339929181420538,0.8694158075601375
0.7890188103711235,A$AP Rocky,0.78559510567297,0.8254437869822485
0.8168139479340817,A$AP Rocky,0.8131606765327696,0.8511166253101737
0.8098209441128594,A$AP Rocky,0.8045325779036827,0.8428290766208252
0.7461224489795918,A$AP Rocky,0.7377750611246944,0.7628992628992629
0.808199121522694,A$AP Rocky,0.8042704626334519,0.8264462809917356
0.7859882383022245,A$AP Rocky,0.7841100505334082,0.8051575931232091
0.7712970069071374,A$AP Rocky,0.7793946449359721,0.7556306306306306
0.78622267412303,A$AP Rocky,0.78766544635314,0.7728459530026109
0.7883838383838384,A$AP Rocky,0.7855567805953694,0.8192771084337349
0.7990161630358398,A$AP Rocky,0.7987851176917237,0.8018867924528302
0.7626329787234043,A$AP Rocky,0.7576636288318144,0.7828282828282829
0.75963794837412,A$AP Rocky,0.7535446205170976,0.7846153846153846
0.7961538461538461,A$AP Rocky,0.79453125,0.815625
0.8101989480905557,A$AP Rocky,0.8057395143487859,0.8716216216216216
0.7698412698412699,A$AP Rocky,0.7751100440176071,0.7496159754224271
0.820496764767272,A$AP Rocky,0.8175005510249064,0.8740157480314961
0.7474554707379135,A$AP Rocky,0.7480916030534351,0.7442748091603053
0.8224159931943854,A$AP Rocky,0.8204778156996587,0.8501628664495114
0.8114323258869908,A$AP Rocky,0.80936844558378,0.8436363636363636
0.8045391384900417,A$AP Rocky,0.802848575712144,0.8259493670886076
0.8016816468541607,A$AP Rocky,0.7925622654384169,0.8532818532818532
0.8190294553930918,A$AP Rocky,0.8198136787093843,0.8081761006289309
0.8155072862249106,A$AP Rocky,0.8090322580645162,0.8528864059590316
0.7622899813316739,A$AP Rocky,0.7643504531722054,0.7526501766784452
0.7864978902953587,A$AP Rocky,0.7803468208092486,0.8299319727891157
0.8353717724713647,A$AP Rocky,0.8343268242548818,0.8531468531468531
0.7800518881522053,A$AP Rocky,0.7776659959758552,0.7946611909650924
0.8277138157894737,A$AP Rocky,0.8234782608695652,0.9015151515151515
0.8048548310328415,A$AP Rocky,0.8065194532071503,0.7889447236180904
0.8141418563922942,A$AP Rocky,0.8124560992741746,0.8383838383838383
0.8102045304596437,A$AP Rocky,0.8110533774208786,0.7987220447284346
0.8014475271411339,A$AP Rocky,0.8068611561318206,0.7562076749435666
0.7953044754218636,A$AP Rocky,0.795016077170418,0.7983193277310925
0.808407994486561,A$AP Rocky,0.8076252180413656,0.8176470588235294
0.8177017321504013,A$AP Rocky,0.8207869001591994,0.7774480712166172
0.8186573670444638,A$AP Rocky,0.8177548144668859,0.8303030303030303
0.8264740799366839,A$AP Rocky,0.8263410561469422,0.8288973384030418
0.7833427124366911,A$AP Rocky,0.7840760157273918,0.7788844621513944
0.7713046172916022,A$AP Rocky,0.7677707480461481,0.7888888888888889
0.7836065573770492,A$AP Rocky,0.7842401500938087,0.7792207792207793
0.8222904782799474,A$AP Rocky,0.8193655303030303,0.8592814371257484
0.7560199909132213,A$AP Rocky,0.7842592592592592,0.7288135593220338
0.8166137085792101,A$AP Rocky,0.8162859980139027,0.8201058201058201
0.8239635337529846,A$AP Rocky,0.8200466200466201,0.8769716088328076
0.8198438783894824,A$AP Rocky,0.818773032733579,0.8392156862745098
0.8321799307958477,A$AP Rocky,0.8326200665715644,0.8277511961722488
0.8250319284802043,A$AP Rocky,0.8255760368663595,0.8184357541899442
0.7868449781659389,A$AP Rocky,0.7838340043357076,0.8091954022988506
0.8147045350435181,A$AP Rocky,0.8126714891494138,0.8375350140056023
0.7934890656063618,A$AP Rocky,0.7888918846050148,0.8476190476190476
0.8387774594078319,A$AP Rocky,0.8374065845283781,0.8626760563380281
0.7992212217084449,A$AP Rocky,0.7958156779661016,0.8378378378378378
0.7990900383141762,A$AP Rocky,0.798954248366013,0.8005698005698005
0.8137695103698952,A$AP Rocky,0.8146118721461187,0.8013468013468014
0.7660311958405546,A$AP Rocky,0.7715254237288136,0.734375
0.7735507246376812,A$AP Rocky,0.770192994996426,0.791828793774319
0.7540236866079563,A$AP Rocky,0.757086472909939,0.7371541501976284
0.811042944785276,A$AP Rocky,0.8096676737160121,0.8225806451612904
0.7965801886792453,A$AP Rocky,0.7920792079207921,0.8191489361702128
0.8126489062161577,A$AP Rocky,0.8117212736502076,0.8268551236749117
0.8184888138455044,A$AP Rocky,0.8204895738893926,0.7914110429447853
0.8130882031079011,A$AP Rocky,0.8112590516234525,0.8402777777777778
0.7990554899645809,A$AP Rocky,0.7972491085073866,0.8220064724919094
0.7887596899224806,A$AP Rocky,0.7890461215932913,0.7852564102564102
0.7913279132791328,A$AP Rocky,0.7901234567901234,0.8048048048048048
0.8140724946695096,A$AP Rocky,0.8154056517775752,0.7947019867549668
0.7770777077707771,A$AP Rocky,0.7696078431372549,0.8218029350104822
0.7867298578199052,A$AP Rocky,0.7805573147561748,0.8321678321678322
0.7819775403998904,A$AP Rocky,0.7789799072642968,0.8052884615384616
0.8361714621256606,A$AP Rocky,0.8373115577889447,0.8198198198198198
0.8166372462488968,A$AP Rocky,0.8170294187993303,0.811965811965812
0.8293066195246513,A$AP Rocky,0.829045643153527,0.8339483394833949
0.7923076923076923,A$AP Rocky,0.7924974653599189,0.7912885662431942
0.8232834507042254,A$AP Rocky,0.824138761744158,0.8142493638676844
0.8203668564199873,A$AP Rocky,0.8197164078325456,0.83
0.8296925566343042,A$AP Rocky,0.8287376130978027,0.8443708609271523
0.8048567053161234,A$AP Rocky,0.8076293002574304,0.7651006711409396
0.8032527671109103,A$AP Rocky,0.8028032866118898,0.8096885813148789
0.7620607504466944,A$AP Rocky,0.7626174730247128,0.7587628865979381
0.8172824550777307,A$AP Rocky,0.8204360837964942,0.7636363636363637
0.8151332760103182,A$AP Rocky,0.8166281755196305,0.7950310559006211
0.8281352235550709,A$AP Rocky,0.8281959378733572,0.8275
0.776840921866217,A$AP Rocky,0.771718452758402,0.8168316831683168
0.8210698913711826,A$AP Rocky,0.8227074235807861,0.7959866220735786
0.8048074782995771,A$AP Rocky,0.8048954372623575,0.8035087719298246
0.7970829068577278,A$AP Rocky,0.7957605270696075,0.8081534772182254
0.820705489459403,A$AP Rocky,0.8230941704035875,0.7885196374622356
0.8277124686837541,A$AP Rocky,0.828374822910342,0.8145161290322581
0.8304952045410061,A$AP Rocky,0.8285655484667627,0.868
0.7431623931623932,A$AP Rocky,0.7946963216424294,0.6917164816396243
0.8055320349985887,Action Bronson,0.8036697247706422,0.8278388278388278
0.7970108695652174,Action Bronson,0.7971223021582734,0.7951219512195122
0.8120362737015664,Action Bronson,0.8104730734900327,0.8309352517985612
0.7707136997538966,Action Bronson,0.7545362903225806,0.8414096916299559
0.7817040951122853,Action Bronson,0.7770794824399261,0.8204334365325078
0.8353042356482477,Action Bronson,0.83559510567297,0.8269230769230769
0.772165312610385,Action Bronson,0.7646586345381526,0.8269794721407625
0.8194004387033877,Action Bronson,0.818762781186094,0.8324607329842932
0.8122914349276974,Action Bronson,0.8111548954228555,0.8249158249158249
0.8316787003610109,Action Bronson,0.8327822390174776,0.8080808080808081
0.832905982905983,Action Bronson,0.8357712765957447,0.7559523809523809
0.7736334405144695,Action Bronson,0.7717314487632508,0.7928571428571428
0.8255290409725349,Action Bronson,0.8272153378536358,0.7818181818181819
0.7779179810725552,Action Bronson,0.7747592847317745,0.8129770992366412
0.8410133216859577,Action Bronson,0.8413824673838407,0.8333333333333334
0.8443694643610291,Action Bronson,0.8437088996054362,0.8611111111111112
0.8264616818075937,Action Bronson,0.8260340632603407,0.8360655737704918
0.8384046052631579,Action Bronson,0.8383220910623946,0.8416666666666667
0.8338336192109777,Action Bronson,0.8335173327445352,0.8444444444444444
0.8300469483568075,Action Bronson,0.8308531746031746,0.8157894736842105
0.8248765154916928,Action Bronson,0.8284176029962547,0.7417582417582418
0.8273269953570639,Action Bronson,0.8270368684569868,0.8372093023255814
0.8289995592772146,Action Bronson,0.8302145139205842,0.7948717948717948
0.8209514881649871,Action Bronson,0.8211065074335852,0.8170731707317073
0.8311178906079756,Action Bronson,0.83235559566787,0.7961783439490446
0.7829883570504528,Action Bronson,0.7758436944937833,0.855595667870036
0.83574546289915,Action Bronson,0.8342181467181468,0.8660287081339713
0.8353934899052328,Action Bronson,0.8371059868838587,0.7716535433070866
0.8305957342485903,Action Bronson,0.831230283911672,0.8218181818181818
0.8250995083118707,Action Bronson,0.8251714005876591,0.8235294117647058
0.8346213292117465,Action Bronson,0.8345588235294118,0.8361581920903954
0.8371745625266752,Action Bronson,0.8362315650451244,0.8671328671328671
0.8223728813559322,Action Bronson,0.824093567251462,0.7733333333333333
0.8182923862807103,Action Bronson,0.8165905631659056,0.8579881656804734
0.8299046663321625,Action Bronson,0.8315217391304348,0.8104575163398693
0.8069085487077535,Action Bronson,0.8052347959969207,0.8582677165354331
0.8167884932798868,Action Bronson,0.81689453125,0.8137931034482758
0.8320862676056338,Action Bronson,0.830947511929107,0.8671328671328671
0.8279857397504456,Action Bronson,0.8272058823529411,0.8529411764705882
0.7944565555901588,Action Bronson,0.7910757523348322,0.825
0.8209848136217212,Action Bronson,0.8202087286527514,0.8461538461538461
0.7776349614395887,Action Bronson,0.7743988684582744,0.8098591549295775
0.7958299485513133,Action Bronson,0.7978142076502732,0.7638888888888888
0.801056338028169,Action Bronson,0.7999355670103093,0.8125
0.8318098720292505,Action Bronson,0.8325335892514395,0.8173076923076923
0.8342909675936566,Action Bronson,0.8374877810361682,0.7837837837837838
0.8239743295897318,Action Bronson,0.824256837098692,0.8164556962025317
0.8591001666358082,Action Bronson,0.8592380952380952,0.8543046357615894
0.8304,Action Bronson,0.8305044226631604,0.828125
0.7978487820310028,Action Bronson,0.7947255880256593,0.8225352112676056
0.8438874230430958,Action Bronson,0.8453488372093023,0.8185483870967742
0.8389556377079482,Action Bronson,0.840187146023147,0.8202247191011236
0.8001046572475143,Action Bronson,0.8004939626783754,0.7921348314606742
0.824025529974926,Action Bronson,0.8249349420392713,0.8
0.7710459183673469,Action Bronson,0.7730796335447498,0.7516778523489933
0.8526234567901234,Action Bronson,0.8537848605577689,0.8170731707317073
0.8536448598130841,Action Bronson,0.8554679992312128,0.7891156462585034
0.8228967495219885,Action Bronson,0.8216337746689982,0.850828729281768
0.8349425287356322,Action Bronson,0.8351115421920465,0.831858407079646
0.7764360313315927,Action Bronson,0.7754283631060882,0.7850467289719626
0.8311575282854656,Action Bronson,0.8304970891177788,0.8538461538461538
0.823911474621121,Action Bronson,0.8224464060529634,0.8541666666666666
0.7942979767014102,Action Bronson,0.789774638412378,0.8408304498269896
0.8448239060832444,Action Bronson,0.8434859937750111,0.8770053475935828
0.7832971126979199,Action Bronson,0.7796552889489693,0.8244274809160306
0.8321009134406263,Action Bronson,0.8310205908683975,0.8692307692307693
0.8333333333333334,Action Bronson,0.8321886446886447,0.8653846153846154
0.7832087406555491,Action Bronson,0.790341578327444,0.7764044943820225
0.8301036502929248,Action Bronson,0.8317624882186616,0.7938144329896907
0.8382655158240855,Action Bronson,0.8390707497360085,0.8091603053435115
0.8161065313887127,Action Bronson,0.8115412710007305,0.8461538461538461
0.7950030102347984,Action Bronson,0.7924777301220719,0.8213058419243986
0.8104046242774566,Action Bronson,0.8065231158961368,0.8509933774834437
0.8112628937831057,Action Bronson,0.8067908653846154,0.8687258687258688
0.8057954862078573,Action Bronson,0.8062953995157385,0.8
0.8275320008982708,Action Bronson,0.8288582769087088,0.7941176470588235
0.8111298482293423,Action Bronson,0.8076219512195122,0.8525179856115108
0.7832298136645963,Action Bronson,0.7777031564808596,0.8512396694214877
0.8133065672497849,Action Bronson,0.809433962264151,0.8534201954397395
0.8224960073009354,Action Bronson,0.8259109311740891,0.7445652173913043
0.7943303442291004,Action Bronson,0.7919776119402985,0.8257261410788381
0.8296339002594407,Action Bronson,0.8248222365869424,0.8693333333333333
0.8028516588977241,Action Bronson,0.8020527859237536,0.8143459915611815
0.7974447697631089,Action Bronson,0.7993809791783906,0.7635467980295566
0.7615270203272186,Action Bronson,0.7589147286821706,0.7661623108665749
0.8274432809773123,Action Bronson,0.8300609343263372,0.7516339869281046
0.7944530046224961,Action Bronson,0.7948275862068965,0.7913043478260869
0.8084638636988184,Action Bronson,0.8062610750147667,0.8379446640316206
0.7991452991452992,Action Bronson,0.7973595333128646,0.8221343873517787
0.7975806451612903,Action Bronson,0.798068730474297,0.7889447236180904
0.7982878544676297,Action Bronson,0.8000567214974476,0.7688679245283019
0.7777080062794348,Action Bronson,0.7742925332424139,0.8174603174603174
0.9590736040609137,Andr√© 3000,0.9590606156775627,1.0
0.8195329087048833,Bas,0.8197716784066068,0.8114754098360656
0.8046441191317516,Bas,0.8066370525215574,0.7481481481481481
0.8267627844109033,Bas,0.8272033310201249,0.8103448275862069
0.8321616871704746,Bas,0.831049202426421,0.8811881188118812
0.8589055793991416,Bas,0.8586169442433019,0.8823529411764706
0.8592285508291276,Bas,0.8589978054133138,0.875
0.826281620774569,Bas,0.8257887517146777,0.8494623655913979
0.8442934239456327,Bas,0.8449928615133592,0.81
0.8399418725347727,Bas,0.83900994288132,0.8888888888888888
0.8115799803729146,Bas,0.8109402571212503,0.8348623853211009
0.764525993883792,Bas,0.760829322473158,0.8057851239669421
0.7753459929192147,Bas,0.7735519888346127,0.7966804979253111
0.8127131027764247,Bas,0.8138832997987927,0.7769230769230769
0.7698125616573496,Bas,0.7684323550465283,0.7854251012145749
0.8014933058702368,Bas,0.8018065887353879,0.7916666666666666
0.8398088510284646,Bas,0.8406043839114705,0.8070175438596491
0.7696556205328136,Bas,0.7693935119887165,0.7727272727272727
0.8337251549476384,Bas,0.8337696335078534,0.8315789473684211
0.7577197149643705,Bas,0.7556943423952975,0.7822222222222223
0.8333333333333334,Bas,0.8355712084525644,0.752
0.7827893175074184,Bas,0.7858733693923003,0.7400881057268722
0.8228907486993893,Bas,0.8221607924441373,0.8625
0.8229863835679667,Bas,0.8211171341032288,0.9111111111111111
0.8162874251497007,Bas,0.8148148148148148,0.8775510204081632
0.8284890170845352,Bas,0.8291240045506257,0.8035714285714286
0.8096085409252669,Bas,0.8102170460561143,0.7948717948717948
0.7373584905660377,Bas,0.7333333333333333,0.7735849056603774
0.8270391061452514,Bas,0.8276810265811182,0.8018018018018018
0.8260198456449834,Bas,0.8272133363370129,0.7708333333333334
0.8269873079492318,Bas,0.8268486916951081,0.8333333333333334
0.8296264305765494,Bas,0.8292736449418477,0.8513513513513513
0.8114795918367347,Bas,0.8111702127659575,0.81875
0.7998878923766816,Bas,0.7985760901809552,0.8223350253807107
0.8283792579735301,Bas,0.8296788482834995,0.7659574468085106
0.7641415812107178,Bas,0.7637342908438061,0.7689075630252101
0.7350427350427351,Bas,0.737965676015069,0.7119205298013245
0.831302116741501,Bas,0.8325693080113512,0.7708333333333334
0.840223232740802,Bas,0.8397976391231029,0.8617021276595744
0.823194349510139,Bas,0.8232276119402985,0.8217821782178217
0.7863220926567916,Bas,0.7828317373461012,0.8273092369477911
0.8570658036677454,Bas,0.8571688500727802,0.8484848484848485
0.8263642806520198,Bas,0.8245785487417542,0.8785714285714286
0.8232502965599051,Bas,0.8227350847041492,0.8380281690140845
0.7891215823152996,Bas,0.7887106724244294,0.7959183673469388
0.840024580090127,Bas,0.8401502504173622,0.8333333333333334
0.7959818902093945,Bas,0.795740851829634,0.8
0.8347529812606473,Bas,0.8334416287632662,0.9113924050632911
0.7962503446374414,Bas,0.7940247055443838,0.8493150684931506
0.7922906267332224,Bas,0.7908251586843624,0.8285714285714286
0.7833284067395803,Bas,0.7841658812441094,0.77
0.7577407281388228,Bas,0.7553426676492262,0.7866666666666666
0.8257847533632287,Bas,0.8274193548387097,0.7666666666666667
0.8195852534562212,Bas,0.8204341670599339,0.7843137254901961
0.8244120940649496,Bas,0.8244972577696527,0.8202247191011236
0.7683580208005043,Bas,0.7675041876046901,0.7819148936170213
0.8219272144655527,Bas,0.8224671669793621,0.8
0.8377039025397481,Bas,0.8401015228426396,0.7391304347826086
0.8314582431847685,Bas,0.8307624504186867,0.8690476190476191
0.7933651953893731,Bas,0.793655499555292,0.7880434782608695
0.8335794136258173,Bas,0.8353093339081699,0.7549019607843137
0.7232015245354931,Bas,0.7438672438672439,0.6830294530154277
0.7929208472686734,Bas,0.7928112215078901,0.7951807228915663
0.7801592161665646,Bas,0.7779225008140671,0.8153846153846154
0.8382262369123383,Bas,0.8389795064826433,0.797752808988764
0.7927446569178853,Bas,0.793646080760095,0.776595744680851
0.7997226074895978,Bas,0.7973209085614443,0.847953216374269
0.8343597366744532,Bas,0.8350694444444444,0.801980198019802
0.7888777888777889,Bas,0.7861423220973783,0.8108108108108109
0.8270595827059583,Bas,0.8290972830850132,0.7176470588235294
0.8471277399848829,Bas,0.8481835564053537,0.7580645161290323
0.8297399422093799,Bas,0.8304387568555759,0.8048780487804879
0.789913458669054,Bas,0.7907276239536382,0.7795918367346939
0.7464387464387464,Bas,0.7515485203028217,0.7350689127105666
0.8114658587741785,Big L,0.8100256337225862,0.8179487179487179
0.782402171454422,Big L,0.7862838915470495,0.7602427921092565
0.8306324110671937,Big L,0.8266456266907124,0.8589743589743589
0.8418112906443248,Big L,0.8412549754155936,0.8450134770889488
0.8378763222131814,Big L,0.8330965909090909,0.8670520231213873
0.8299467350562241,Big L,0.8240285841893703,0.8747884940778342
0.8363712549759061,Big L,0.8339547601292567,0.8493333333333334
0.8142644873699851,Big L,0.8134556574923547,0.8159851301115242
0.8077884214910453,Big L,0.8076003824091779,0.8090614886731392
0.7944488085886358,Big L,0.7917651029362133,0.8037383177570093
0.8186026008375579,Big L,0.8197504645606584,0.812987012987013
0.8269400352733686,Big L,0.8238877118644068,0.8421052631578947
0.8356870656803407,Big L,0.8307398307398307,0.8583959899749374
0.8134009610250934,Big L,0.8071227080394923,0.832967032967033
0.8304365400161682,Big L,0.8295721673718853,0.8357348703170029
0.8237635019897669,Big L,0.8272375215146299,0.7980922098569158
0.8420749279538905,Big L,0.8306748466257668,0.8692682926829268
0.8266287713161347,Big L,0.8232375979112272,0.8440860215053764
0.7839442965390129,Big L,0.7904674188349068,0.7314814814814815
0.7888312480927677,Big L,0.7877697841726619,0.7910731244064577
0.813953488372093,Big L,0.8092420400112708,0.8362183754993342
0.8089204257475925,Big L,0.80347378578321,0.8291517323775388
0.8297219950940311,Big L,0.8287965616045845,0.8352272727272727
0.7991025902508668,Big L,0.8032025992109538,0.7693602693602694
0.8261346196009647,Big L,0.8298955263862845,0.8091787439613527
0.7986301369863014,Big L,0.7944403803950256,0.8111353711790393
0.8157431838170625,Big L,0.8152031454783748,0.8185538881309686
0.8302057427085688,Big L,0.8325372295588649,0.8206018518518519
0.7815245111929725,Big L,0.7845671758715237,0.7735655737704918
0.793882612289887,Big L,0.7933730454207,0.7953340402969247
0.834858734580183,Big L,0.8311569301260023,0.859304084720121
0.8046006720082709,Big L,0.8023411371237458,0.8122866894197952
0.8258117214621197,Big L,0.8229191228483849,0.8445121951219512
0.8237037037037037,Big L,0.8121032585696148,0.8507905138339921
0.8079495509268106,Big L,0.8094431505399111,0.7941176470588235
0.8184630026171782,Big L,0.8159218703758508,0.8288834951456311
0.8198866966204337,Big L,0.8185022026431719,0.8307426597582038
0.8476374156219865,Big L,0.8447121820615796,0.8662873399715505
0.8220905790177718,Big L,0.8266841072596468,0.7894736842105263
0.8360159060783943,Big L,0.831839521980367,0.8689075630252101
0.8103743112293369,Big L,0.814759676733305,0.7736185383244206
0.8332401714179244,Big L,0.8305155499895638,0.8559027777777778
0.8077041602465331,Big L,0.8026678932842686,0.8179271708683473
0.7911255411255411,Big L,0.7933100349475787,0.7768729641693811
0.826729745712596,Big L,0.8243880529979789,0.8435483870967742
0.8062869973463972,Big L,0.8028394779024502,0.8345864661654135
0.8279355889270852,Big L,0.8295385855329438,0.8138297872340425
0.8034270311898344,Big L,0.8107932379713915,0.7448275862068966
0.8217882836587873,Big L,0.8217443249701314,0.8220588235294117
0.8028600612870276,Big L,0.8019323671497585,0.8102189781021898
0.8064124362399806,Big L,0.8006565204416592,0.8315926892950392
0.80810546875,Big L,0.8036958497425023,0.8264150943396227
0.817684394834756,Big L,0.8153047989623865,0.8305322128851541
0.8047703180212014,Big L,0.8055918474000523,0.8002853067047075
0.8414634146341463,Big L,0.8389783453636869,0.8682634730538922
0.824724517906336,Big L,0.8264942851789395,0.8046709129511678
0.8073563218390805,Big L,0.8057633693543917,0.815114709851552
0.8150765606595995,Big L,0.8132013201320132,0.8306010928961749
0.8304537687488134,Big L,0.8287979430040712,0.8433333333333334
0.8199331629644191,Big L,0.8159171075837742,0.852994555353902
0.8374524714828897,Big L,0.8311965811965812,0.8879310344827587
0.8386566891768571,Big L,0.8348941368078175,0.8712522045855379
0.8107349915840658,Big L,0.8140547263681592,0.780114722753346
0.8022194821208385,Big L,0.7996923076923077,0.8124223602484472
0.8311587147030185,Big L,0.8275480875525094,0.8578431372549019
0.8214951335680265,Big L,0.8196445725264169,0.8330827067669173
0.815613666730292,Big L,0.8141405588484335,0.829126213592233
0.8124276341181011,Big L,0.8176251913404767,0.7733990147783252
0.8248493662996053,Big L,0.8239727692681741,0.83
0.8294080203691916,Big L,0.8333333333333334,0.8104089219330854
0.8260295670538543,Big L,0.8125428375599726,0.871264367816092
0.8246189917936694,Big L,0.8158195316961736,0.8650065530799476
0.8302406760977402,Big L,0.8282271241830066,0.8482632541133455
0.8278132482043097,Big L,0.8237704918032787,0.8564516129032258
0.8184190902311708,Big L,0.8199543663140427,0.8047882136279927
0.8182163909488496,Big L,0.8169133192389006,0.8298676748582231
0.7835703001579779,Big L,0.7880041365046536,0.7692307692307693
0.7760220717331326,Big L,0.7753154816866729,0.7791327913279132
0.8045787113523719,Chance The Rapper,0.8027006751687922,0.8361344537815126
0.8128694861300592,Chance The Rapper,0.8129687878054682,0.8113207547169812
0.8234891676168757,Chance The Rapper,0.8212098946852804,0.8543046357615894
0.8133032694475761,Chance The Rapper,0.8113701236917221,0.8484848484848485
0.8182608695652174,Chance The Rapper,0.8189338235294118,0.8064516129032258
0.8085539714867617,Chance The Rapper,0.8085004775549188,0.8095238095238095
0.8332673267326732,Chance The Rapper,0.8310032894736842,0.8924731182795699
0.8275592092385986,Chance The Rapper,0.8276350394497269,0.8253012048192772
0.8265594435992175,Chance The Rapper,0.8240847340548009,0.8682170542635659
0.7611637347767253,Chance The Rapper,0.7561966680211296,0.7858585858585858
0.7992537313432836,Chance The Rapper,0.7948038176033935,0.8669354838709677
0.8146570089475926,Chance The Rapper,0.813953488372093,0.8324022346368715
0.8153677277716794,Chance The Rapper,0.8168293816829382,0.7905138339920948
0.7533039647577092,Chance The Rapper,0.7501176470588236,0.7646076794657763
0.794259588519177,Chance The Rapper,0.7927730632356967,0.8133802816901409
0.8160734787600459,Chance The Rapper,0.8158542589857213,0.8191126279863481
0.8133542460228546,Chance The Rapper,0.8137324780232834,0.8070866141732284
0.838929889298893,Chance The Rapper,0.8378583633947219,0.8758169934640523
0.7504443654461429,Chance The Rapper,0.7453036260375709,0.7729007633587787
0.8169585647159333,Chance The Rapper,0.8166592228673515,0.8235294117647058
0.8055884442339569,Chance The Rapper,0.8030645566440593,0.8471074380165289
0.769130576359492,Chance The Rapper,0.7660728117738187,0.7852760736196319
0.8011976047904191,Chance The Rapper,0.8018964633521272,0.7912087912087912
0.8383587786259542,Chance The Rapper,0.8364966389877422,0.8901098901098901
0.8177383592017738,Chance The Rapper,0.8164126611957796,0.8408163265306122
0.8130675526024363,Chance The Rapper,0.8110364015766288,0.8564356435643564
0.8088202866593164,Chance The Rapper,0.8094248094248094,0.7961165048543689
0.7592530843614538,Chance The Rapper,0.7584269662921348,0.7633136094674556
0.8025462962962963,Chance The Rapper,0.8013615365912959,0.8260869565217391
0.7997165800661313,Chance The Rapper,0.8236914600550964,0.77431906614786
0.8414341156902606,Chance The Rapper,0.8404966571155683,0.8693181818181818
0.8332300061996281,Chance The Rapper,0.8306889806563791,0.8823529411764706
0.830879345603272,Chance The Rapper,0.8305740700924532,0.8368200836820083
0.8367346938775511,Chance The Rapper,0.8353008377760853,0.8913043478260869
0.8197593706617307,Chance The Rapper,0.8159327065809006,0.875
0.7779216574943347,Chance The Rapper,0.7691137314568277,0.8282608695652174
0.8166089965397924,Chance The Rapper,0.8133595284872298,0.8669201520912547
0.8214654282765738,Chance The Rapper,0.8219590958019376,0.81
0.7972288835598188,Chance The Rapper,0.7911098198721673,0.864951768488746
0.8241152786607332,Chance The Rapper,0.8215077605321508,0.8803827751196173
0.8059105431309904,Chance The Rapper,0.8001177509567265,0.8607242339832869
0.8078061911170928,Chance The Rapper,0.8021615130591414,0.8567708333333334
0.8209663503019845,Chance The Rapper,0.8200817810086325,0.8376068376068376
0.7741823242867084,Chance The Rapper,0.7630795406210124,0.8240917782026769
0.8129686810763123,Chance The Rapper,0.8109292137422182,0.8578680203045685
0.82125,Chance The Rapper,0.8199349945828819,0.8540540540540541
0.7901861252115059,Chance The Rapper,0.7850408548082967,0.8351648351648352
0.735002157962883,Chance The Rapper,0.7945544554455446,0.669683257918552
0.8269309358398038,Chance The Rapper,0.8248035676364408,0.8810810810810811
0.8194690265486726,Chance The Rapper,0.8180327868852459,0.844
0.7178217821782178,Chance The Rapper,0.7418326693227092,0.6866597724922441
0.8199102755821406,Chance The Rapper,0.8180803571428571,0.8606965174129353
0.8376547987616099,Chance The Rapper,0.8372703412073491,0.8465116279069768
0.8275934042997286,Chance The Rapper,0.8259251149551128,0.8616071428571429
0.7988020691532807,Chance The Rapper,0.7921921921921922,0.8629737609329446
0.8248098055790364,Chance The Rapper,0.8222025652366209,0.8809523809523809
0.7863417398696515,Chance The Rapper,0.7821281970318914,0.8232044198895028
0.8298926507018992,Chance The Rapper,0.831583552055993,0.8014705882352942
0.7986808144536851,Chance The Rapper,0.798140770252324,0.8021052631578948
0.8009247367069099,Chance The Rapper,0.7971540178571429,0.8446601941747572
0.8079455662862159,Chance The Rapper,0.8072096737394479,0.8265895953757225
0.8291065158017947,Chance The Rapper,0.827641623141824,0.8783783783783784
0.8397375820056232,Chance The Rapper,0.8373261205564142,0.9182389937106918
0.8031319910514542,Chance The Rapper,0.799252536038441,0.855595667870036
0.7680365296803653,Chance The Rapper,0.7646652864044169,0.7932816537467701
0.7889113485417268,Chance The Rapper,0.7834146341463415,0.8324742268041238
0.8064872021182701,Childish Gambino,0.8030411023996199,0.8513931888544891
0.7856325128792215,Childish Gambino,0.7875920084121977,0.7769110764430577
0.8052319640302473,Childish Gambino,0.8066608996539792,0.7806691449814126
0.7889930305215093,Childish Gambino,0.7892221927263074,0.7868020304568528
0.8066983667562538,Childish Gambino,0.8049258936355711,0.8393574297188755
0.8086008479709267,Childish Gambino,0.8082890541976621,0.8145161290322581
0.7950553025374105,Childish Gambino,0.7952973720608575,0.7912087912087912
0.774812734082397,Childish Gambino,0.8192352259559675,0.7446975648075412
0.792063492063492,Childish Gambino,0.7941393745382911,0.7679083094555874
0.7836549916607101,Childish Gambino,0.7863695937090432,0.756544502617801
0.8151244167962675,Childish Gambino,0.8148827726809378,0.8200836820083682
0.7942497753818508,Childish Gambino,0.7974559686888454,0.7582417582417582
0.8084005793503001,Childish Gambino,0.8093136173030236,0.7947019867549668
0.7877295118674429,Childish Gambino,0.7900048053820279,0.756578947368421
0.7845896946564885,Childish Gambino,0.7835452893848949,0.7964601769911505
0.7973729543496986,Childish Gambino,0.797572704373712,0.7942238267148014
0.791316208229143,Childish Gambino,0.7925178439576668,0.7767857142857143
0.799373040752351,Childish Gambino,0.8010621818986502,0.7706766917293233
0.8044280442804428,Childish Gambino,0.8037483843171047,0.8177966101694916
0.800621563471193,Childish Gambino,0.8016662187583983,0.7922077922077922
0.7882653061224489,Childish Gambino,0.7894073139974779,0.7752161383285303
0.7841020608439647,Childish Gambino,0.7836225596529284,0.788659793814433
0.7481763399936568,Childish Gambino,0.7457892675283979,0.7583333333333333
0.752892030848329,Childish Gambino,0.7608421052631579,0.7272727272727273
0.7640482494851427,Childish Gambino,0.767658659017569,0.7475409836065574
0.7894736842105263,Childish Gambino,0.7913165266106442,0.7608695652173914
0.7947482534329078,Childish Gambino,0.7925886430285257,0.815
0.8007039155301364,Childish Gambino,0.801187648456057,0.7946428571428571
0.776690119302539,Childish Gambino,0.7664314890456739,0.8246527777777778
0.7805547089302042,Childish Gambino,0.780084582852749,0.7823529411764706
0.7985212569316081,Childish Gambino,0.7951807228915663,0.8372093023255814
0.7835820895522388,Childish Gambino,0.7972768532526475,0.7669724770642202
0.7795295942103903,Childish Gambino,0.7782305005820722,0.789838337182448
0.7679911086412893,Childish Gambino,0.7691309987029832,0.7611650485436893
0.7957013073343674,Childish Gambino,0.7981299448573483,0.7660818713450293
0.763777182007745,Childish Gambino,0.76410998552822,0.7622259696458684
0.8005493344601733,Childish Gambino,0.8025693035835023,0.7702702702702703
0.7784105617395807,Childish Gambino,0.7787869909170817,0.7755555555555556
0.8134087237479806,Childish Gambino,0.8119931711481008,0.8383458646616542
0.7625760088446656,Childish Gambino,0.7611233827705901,0.7728285077951003
0.7729812087353987,Childish Gambino,0.776038702333523,0.7476415094339622
0.7636601307189542,Childish Gambino,0.7679150693010911,0.7304147465437788
0.8087355404866374,Childish Gambino,0.8077163712200208,0.8310502283105022
0.7730978260869565,Childish Gambino,0.7712683078840761,0.7855626326963907
0.7822811119771369,Childish Gambino,0.7813514311006197,0.7891304347826087
0.814743712804761,Childish Gambino,0.817043618739903,0.7704280155642024
0.7505931198102017,Childish Gambino,0.7500876270592359,0.7533718689788054
0.8213293834475097,Childish Gambino,0.8227431228206121,0.7907949790794979
0.7667825621824017,Childish Gambino,0.7683409436834094,0.7555066079295154
0.8189457601222307,Childish Gambino,0.817005177220231,0.8644859813084113
0.782314764737696,Childish Gambino,0.7806714778788829,0.7925636007827789
0.8192634560906515,Childish Gambino,0.8195652173913044,0.8127659574468085
0.8104748318728348,Childish Gambino,0.8104603414739572,0.8107142857142857
0.7622641509433963,Childish Gambino,0.7565745111260958,0.7974947807933194
0.811949069539667,Childish Gambino,0.8115140340094243,0.8214285714285714
0.8222702278083268,Childish Gambino,0.82282722513089,0.8138801261829653
0.8235294117647058,Childish Gambino,0.8237540192926045,0.8194945848375451
0.8131048387096774,Childish Gambino,0.8125933831376734,0.8218181818181818
0.8096828046744574,Childish Gambino,0.8091314031180401,0.8178807947019867
0.7640482494851427,Childish Gambino,0.76331569664903,0.7677304964539007
0.7565039462145572,Childish Gambino,0.7549828178694158,0.7651663405088063
0.7791010372646946,Childish Gambino,0.7873134328358209,0.7658291457286432
0.7760484219628189,Common,0.7820454545454546,0.6592920353982301
0.7690401081568274,Common,0.7727810650887574,0.6948356807511737
0.7212252475247525,Common,0.7247335538404999,0.7025440313111546
0.7707561560252778,Common,0.7765884764290595,0.6414141414141414
0.8083242059145673,Common,0.80958597538232,0.75
0.723834652594547,Common,0.7295109612141653,0.6860986547085202
0.7640853512347159,Common,0.7683965917893106,0.7080536912751678
0.7897149691050429,Common,0.7948347107438016,0.6497175141242938
0.71671388101983,Common,0.7264626113909337,0.674496644295302
0.7880213903743315,Common,0.7948717948717948,0.6905537459283387
0.7806958473625141,Common,0.7847188851513696,0.7235494880546075
0.7886089813800657,Common,0.793038570084666,0.7284345047923323
0.7754641244355244,Common,0.7736682307479988,0.7933884297520661
0.7703444832750874,Common,0.7729028697571744,0.7460732984293194
0.7790157845868152,Common,0.781563126252505,0.7468354430379747
0.7579686655861696,Common,0.7585261875761267,0.7535885167464115
0.7631796853436379,Common,0.7629324024119327,0.7648305084745762
0.6933124346917451,Common,0.8788927335640139,0.6603076923076923
0.7739491691104594,Common,0.7763758389261745,0.7493188010899182
0.7876962787696279,Common,0.7924874026568942,0.7137809187279152
0.770949720670391,Common,0.7757608115323011,0.7223719676549866
0.8036333945703205,Common,0.8061025752001731,0.762589928057554
0.8082833583208395,Common,0.8124390719438487,0.7053140096618358
0.8237179487179487,Common,0.8288900505314515,0.6666666666666666
0.8076105852810508,Common,0.8126144455747711,0.7137404580152672
0.7990939531219224,Common,0.8040833161476593,0.6929824561403509
0.7636125654450262,Common,0.7657948868645313,0.7458033573141487
0.8176868193766429,Common,0.820533070088845,0.7624521072796935
0.7310574521232306,Common,0.7382885696439725,0.6733167082294265
0.8090043633478778,Common,0.810060530160718,0.7888446215139442
0.7980054751662105,Common,0.8013379282383944,0.7071823204419889
0.7951038880888706,Common,0.7968985569674779,0.7568807339449541
0.7872730981032021,Common,0.7918964785744591,0.671957671957672
0.7534818941504178,Common,0.7507064364207221,0.7753086419753087
0.7503603343903142,Common,0.7526191280838122,0.7372549019607844
0.7778965369816161,Common,0.7834266517357222,0.6619718309859155
0.8027966275961341,Common,0.8068481123792801,0.742671009771987
0.6939381093683764,Common,0.7220822837951302,0.6652397260273972
0.8006763103513057,Common,0.8063325563325563,0.6342857142857142
0.7123210777434746,Common,0.7230193387398628,0.6162464985994398
0.7955428337763238,Common,0.8008648648648649,0.7030075187969925
0.7863690713431646,Common,0.7910172272354389,0.6267605633802817
0.6890269151138716,Common,0.7267536704730831,0.6501261564339781
0.7878787878787878,Common,0.7956324680675732,0.5948717948717949
0.7460068080649385,Common,0.7568604308055473,0.6604651162790698
0.795291300877893,Common,0.8018036912751678,0.6680327868852459
0.7718639575971732,Common,0.7781402936378466,0.6582278481012658
0.8030502730182639,Common,0.8076398362892224,0.6722222222222223
0.8016893837588789,Common,0.806922769107643,0.6777251184834123
0.783535311324697,Common,0.7896929824561404,0.6592920353982301
0.7686199342825849,Common,0.7701112877583466,0.7593688362919132
0.7737468845195237,Common,0.7749510763209393,0.7669724770642202
0.7385086823289071,Common,0.7457300275482094,0.6468531468531469
0.7869117350030297,Common,0.7929802437999159,0.6373056994818653
0.7380052340796743,Common,0.7383333333333333,0.7357630979498861
0.6436684896928901,Common,0.7060546875,0.5964523281596452
0.9737827715355806,CunninLynguists,1.0,0.9730769230769231
0.7766008666345691,CunninLynguists,0.778056741149887,0.7426900584795322
0.8168905950095969,CunninLynguists,0.8185745140388769,0.7435897435897436
0.8024374599101989,CunninLynguists,0.8038563829787234,0.7636363636363637
0.783578759482374,CunninLynguists,0.7864833906071019,0.6752136752136753
0.7966766674359567,CunninLynguists,0.7968864023351983,0.7927927927927928
0.7470747074707471,CunninLynguists,0.7431765866491286,0.7876712328767124
0.7742394085868638,CunninLynguists,0.7695214105793451,0.8181818181818182
0.744358754641531,CunninLynguists,0.744556884391291,0.7416666666666667
0.7777502477700694,CunninLynguists,0.7770833333333333,0.7908163265306123
0.8044272512357619,CunninLynguists,0.8062780269058296,0.7616580310880829
0.7976314149179307,CunninLynguists,0.7999575731862537,0.6868686868686869
0.8053000438020149,CunninLynguists,0.8055937643282898,0.7990196078431373
0.7800920319689998,CunninLynguists,0.7793225480283115,0.7976878612716763
0.8083398590446359,CunninLynguists,0.8099403578528827,0.7051282051282052
0.7713680244878738,CunninLynguists,0.7745454545454545,0.6639344262295082
0.7652717652717653,CunninLynguists,0.7686216283098243,0.6495726495726496
0.7657128882367327,CunninLynguists,0.7690355329949239,0.6778523489932886
0.8240893282079443,CunninLynguists,0.8273017063566472,0.6923076923076923
0.8218675472390387,CunninLynguists,0.8237819675191338,0.7127659574468085
0.8063980058163689,CunninLynguists,0.8071902418146801,0.7801418439716312
0.7791715976331361,CunninLynguists,0.7805658056580566,0.74375
0.7658959537572254,CunninLynguists,0.7669657879977566,0.75
0.7865050079072219,CunninLynguists,0.7829079437912245,0.8273615635179153
0.6911827956989247,CunninLynguists,0.7479201331114809,0.6304541406945681
0.81132797550708,CunninLynguists,0.8146560124732021,0.631578947368421
0.8006943026342659,CunninLynguists,0.8014919187733113,0.7464788732394366
0.8,CunninLynguists,0.8012264749418482,0.7395833333333334
0.7861690450054885,CunninLynguists,0.7872150201162271,0.7283950617283951
0.7356394795303078,CunninLynguists,0.7303489601691928,0.7834394904458599
0.7415267659170098,CunninLynguists,0.7351485148514851,0.7963525835866262
0.7277011107371255,CunninLynguists,0.722115013508298,0.7657894736842106
0.755004003202562,CunninLynguists,0.7567796610169492,0.7246376811594203
0.7832151840841528,CunninLynguists,0.7849386213408877,0.7299270072992701
0.7962154294032023,CunninLynguists,0.8010683760683761,0.6201550387596899
0.8040035195776507,CunninLynguists,0.8037683823529411,0.8092783505154639
0.8066,CunninLynguists,0.8093775593775594,0.6896551724137931
0.7992277992277992,CunninLynguists,0.8018595041322314,0.6419753086419753
0.7473478503629257,CunninLynguists,0.7501501501501502,0.7103174603174603
0.7873853211009174,CunninLynguists,0.7876484560570072,0.78
0.8085642317380353,CunninLynguists,0.8101216163201256,0.6825396825396826
0.7926699339441722,CunninLynguists,0.7959362027528949,0.6637931034482759
0.7591582229150429,CunninLynguists,0.7609942638623327,0.723404255319149
0.8017241379310345,CunninLynguists,0.8045652173913044,0.717948717948718
0.7843352347520842,CunninLynguists,0.787315105333931,0.6458333333333334
0.7991890738369611,CunninLynguists,0.8011013215859031,0.7397260273972602
0.7659243915069912,CunninLynguists,0.7656207366984993,0.7715736040609137
0.7950164551010813,CunninLynguists,0.7857142857142857,0.8068303094983992
0.794887911166981,CunninLynguists,0.7985410856039477,0.6428571428571429
0.7147571900047147,CunninLynguists,0.7348837209302326,0.6940726577437859
0.7388822115384616,CunninLynguists,0.7373770491803279,0.7553956834532374
0.7483414418398938,CunninLynguists,0.7262458471760798,0.7923280423280423
0.7535477767265847,Deniro Farrar,0.8171368861024033,0.7009507346585998
0.8354050578654093,Deniro Farrar,0.8381328379006038,0.8027777777777778
0.8229392624728851,Deniro Farrar,0.8208581271531475,0.8363636363636363
0.8168724279835391,Deniro Farrar,0.8180477010081141,0.8013029315960912
0.8244047619047619,Deniro Farrar,0.8251678686893807,0.8155619596541787
0.810236456150853,Deniro Farrar,0.8096437567470313,0.8131672597864769
0.8240780911062907,Deniro Farrar,0.825503355704698,0.8027681660899654
0.8104434907010014,Deniro Farrar,0.8150953251501698,0.7616438356164383
0.81648629979277,Deniro Farrar,0.8204807210816224,0.7707736389684814
0.8244274809160306,Deniro Farrar,0.8262140287769785,0.7947761194029851
0.8328205128205128,Deniro Farrar,0.8347125435540069,0.8021201413427562
0.8041516245487365,Deniro Farrar,0.8020050125313283,0.815442561205273
0.8519962859795729,Deniro Farrar,0.8512090483619345,0.867704280155642
0.8545200209826893,Deniro Farrar,0.8544430310739597,0.8564814814814815
0.8527285869172389,Deniro Farrar,0.8519705826890439,0.8701298701298701
0.8485404809987149,Deniro Farrar,0.848542944785276,0.8484848484848485
0.8253895508707608,Deniro Farrar,0.8284781516825716,0.7931937172774869
0.8444403192871728,Deniro Farrar,0.8442512077294686,0.8490566037735849
0.8413397129186603,Deniro Farrar,0.8478172174622604,0.7430340557275542
0.8304701627486437,Deniro Farrar,0.8294117647058824,0.8430232558139535
0.787521815008726,Deniro Farrar,0.8142747505755947,0.7522750252780587
0.833474756045821,Deniro Farrar,0.8322420410927974,0.8526315789473684
0.8154281978644585,Deniro Farrar,0.8170731707317073,0.7860082304526749
0.8023255813953488,Deniro Farrar,0.806941431670282,0.7707006369426752
0.7826708607377753,Deniro Farrar,0.7843455667424488,0.7703349282296651
0.8155929038281979,Deniro Farrar,0.8158690176322418,0.8121019108280255
0.789563244469654,Deniro Farrar,0.7924528301886793,0.7699115044247787
0.8288802773811952,Deniro Farrar,0.8295503211991435,0.8154506437768241
0.809489575844716,Deniro Farrar,0.8100051840331778,0.8031746031746032
0.7702473737716028,Deniro Farrar,0.7707193941943626,0.7682926829268293
0.7876004592422503,Deniro Farrar,0.7916390179163901,0.7617021276595745
0.8338192419825073,Deniro Farrar,0.8371428571428572,0.7673469387755102
0.8312398703403565,Deniro Farrar,0.8337973870207753,0.7865168539325843
0.8380889183808892,Deniro Farrar,0.8400873574375152,0.8175
0.8350556438791733,Deniro Farrar,0.8366834170854272,0.8046875
0.8051913299438052,Deniro Farrar,0.8128673059078255,0.7559523809523809
0.7842696629213484,Deniro Farrar,0.7879464285714286,0.7570754716981132
0.7857356907401858,Deniro Farrar,0.7886379675370501,0.7693836978131213
0.7709627329192547,Deniro Farrar,0.8037667071688943,0.7129032258064516
0.8364016736401674,Deniro Farrar,0.8376681614349776,0.81875
0.8271985893762398,Deniro Farrar,0.8297973778307509,0.7953216374269005
0.8323189926547744,Deniro Farrar,0.8352835283528353,0.7912772585669782
0.7769461077844312,Deniro Farrar,0.7808027923211169,0.7536842105263157
0.7675507020280812,Deniro Farrar,0.8127388535031848,0.6961770623742455
0.8460798460798461,Deniro Farrar,0.848512173128945,0.843298969072165
0.8133110087902888,Deniro Farrar,0.8153545019573728,0.7611111111111111
0.7787738577212261,Deniro Farrar,0.784026622296173,0.7439293598233996
0.7963284544777971,Drake,0.8035563082133785,0.7438524590163934
0.8049442267108833,Drake,0.823364110798876,0.7493946731234867
0.7804878048780488,Drake,0.8113616652211622,0.7006726457399103
0.7476570635196113,Drake,0.7780599288979178,0.6820175438596491
0.7933398628795298,Drake,0.7976515565264882,0.7559241706161137
0.7989627821842586,Drake,0.8173311635475997,0.7439024390243902
0.787,Drake,0.8015762633286972,0.7497034400948992
0.8041192877065008,Drake,0.8095786322818328,0.7295597484276729
0.8107235142118863,Drake,0.8159738439981317,0.7486187845303868
0.8324357912178956,Drake,0.8377453217708809,0.7802690582959642
0.8346370747680553,Drake,0.8343755921925337,0.8409090909090909
0.8284304768865339,Drake,0.8287606433301797,0.8191489361702128
0.8198815253609775,Drake,0.8236650019208606,0.7193877551020408
0.828352899324084,Drake,0.8310636731689364,0.75
0.7956717256885891,Drake,0.8015656909462219,0.7677419354838709
0.8086522462562395,Drake,0.8108108108108109,0.7704280155642024
0.7917474383827194,Drake,0.7992021276595744,0.7545605306799337
0.822333000997009,Drake,0.8250265111346765,0.78
0.8207996685311788,Drake,0.8232019594745046,0.7886904761904762
0.7978056426332288,Drake,0.8061124694376528,0.7074468085106383
0.8083792723263507,Drake,0.8132660418168709,0.7540106951871658
0.7955075845974329,Drake,0.8074511250461085,0.7503486750348675
0.8246989103421908,Drake,0.8272672431128092,0.7751937984496124
0.8111252115059222,Drake,0.8134598012646793,0.7766666666666666
0.8253144340187663,Drake,0.8287363694676074,0.7771084337349398
0.7124427798585102,Drake,0.7776831345826235,0.6501220504475184
0.807105538140021,Drake,0.8089045624862243,0.7741935483870968
0.782729034043731,Drake,0.7905982905982906,0.7408056042031523
0.7899860917941586,Drake,0.7975275643167391,0.7524916943521595
0.805549803271899,Drake,0.8102125794433487,0.7255639097744361
0.7605950042099354,Drake,0.7690802348336595,0.7082494969818913
0.8037009252313079,Drake,0.8086508163849899,0.7696850393700787
0.7848,Drake,0.792364990689013,0.7386363636363636
0.8256420158331724,Drake,0.8254096702407445,0.8305084745762712
0.7900701565029682,Drake,0.7987843889955214,0.743103448275862
0.7775330396475771,Drake,0.783853329044709,0.739961759082218
0.7865168539325843,Drake,0.7979598552155315,0.7295081967213115
0.7862007699141249,Drake,0.7964338781575037,0.745985401459854
0.7949801849405548,Drake,0.8031716417910447,0.7486818980667839
0.7677038626609443,Earl Sweatshirt,0.7371663244353183,0.8784119106699751
0.8668901597318083,Earl Sweatshirt,0.867564308681672,0.8315789473684211
0.8537767011671438,Earl Sweatshirt,0.8527759046976848,0.9021739130434783
0.8531200720883082,Earl Sweatshirt,0.8519972292773031,0.8981481481481481
0.8518684269411502,Earl Sweatshirt,0.8507428571428571,0.9042553191489362
0.8598579782790309,Earl Sweatshirt,0.8586287412438972,0.935064935064935
0.7819521178637201,Earl Sweatshirt,0.7757865392273995,0.8578431372549019
0.8420671335426225,Earl Sweatshirt,0.8418303904501367,0.85
0.8745041471330689,Earl Sweatshirt,0.8743627093954843,0.8888888888888888
0.8259437547504433,Earl Sweatshirt,0.825503355704698,0.8493150684931506
0.8534838289559367,Earl Sweatshirt,0.8520723104056437,0.9436619718309859
0.8547619047619047,Earl Sweatshirt,0.853400836451684,0.935064935064935
0.862876935615322,Earl Sweatshirt,0.861783571280778,0.9333333333333333
0.8172256964184196,Earl Sweatshirt,0.8150987909171336,0.8740157480314961
0.8171768707482994,Earl Sweatshirt,0.8135048231511254,0.9345794392523364
0.8521157167530224,Earl Sweatshirt,0.8516326977865439,0.8840579710144928
0.8384472338447234,Earl Sweatshirt,0.8390451429922005,0.8028169014084507
0.851131946032472,Earl Sweatshirt,0.8494145199063232,0.9223300970873787
0.8259526261585994,Earl Sweatshirt,0.8251711427066877,0.8604651162790697
0.8437858947852056,Earl Sweatshirt,0.8439184438715726,0.8372093023255814
0.819440353460972,Earl Sweatshirt,0.8158220024721878,0.8930817610062893
0.852812908853031,Earl Sweatshirt,0.852477227282826,0.8705882352941177
0.8536428110896196,Earl Sweatshirt,0.853056768558952,0.8904109589041096
0.8406383992377322,Earl Sweatshirt,0.8407814407814408,0.8349514563106796
0.8099441012062372,Earl Sweatshirt,0.8070710149344712,0.8898305084745762
0.8538235957590796,Earl Sweatshirt,0.8527436906691364,0.8947368421052632
0.8174214017882896,Earl Sweatshirt,0.8143371325734853,0.8947368421052632
0.8519027968821642,Earl Sweatshirt,0.8508482563619227,0.8898305084745762
0.8516640952171038,Earl Sweatshirt,0.8501344086021505,0.9452054794520548
0.7894561227894561,Earl Sweatshirt,0.7862165963431786,0.8496732026143791
0.8602414569265397,Earl Sweatshirt,0.8590965602983838,0.9508196721311475
0.7505983724269986,Earl Sweatshirt,0.7396073903002309,0.803921568627451
0.8134818623250499,Earl Sweatshirt,0.8119455943228858,0.8571428571428571
0.8579483842984168,Earl Sweatshirt,0.8585115864527629,0.8373983739837398
0.8113900796080833,Earl Sweatshirt,0.8085861846352486,0.8630952380952381
0.793520942408377,Earl Sweatshirt,0.7897629680522157,0.8689655172413793
0.8458632414053646,Eazy-E,0.8469867211440245,0.8320802005012531
0.8520389750992422,Eazy-E,0.8537011851564018,0.830379746835443
0.8523346303501945,Eazy-E,0.8568339100346021,0.812015503875969
0.8264646464646465,Eazy-E,0.8253350626891482,0.8425925925925926
0.8252581413820492,Eazy-E,0.8247096092925026,0.8338870431893688
0.7728547392035895,Eazy-E,0.7815126050420168,0.7292724196277496
0.822171381031614,Eazy-E,0.8221175414984297,0.8228571428571428
0.8302220475535469,Eazy-E,0.8298363407469577,0.8359133126934984
0.8364657593432707,Eazy-E,0.8353761115116558,0.8461538461538461
0.8356476683937824,Eazy-E,0.8352647125653261,0.839622641509434
0.8165745856353591,Eazy-E,0.8119800332778702,0.8390243902439024
0.8370567739290838,Eazy-E,0.8344842949431944,0.8666666666666667
0.7667862634546386,Eazy-E,0.8373983739837398,0.7342814371257484
0.8317219152854513,Eazy-E,0.834920634920635,0.8102836879432624
0.7971608832807571,Eazy-E,0.802257525083612,0.781491002570694
0.8437751004016064,Eazy-E,0.8428916721599649,0.8531468531468531
0.8429126213592233,Eazy-E,0.8462192013593883,0.8076923076923077
0.7991228070175439,Eazy-E,0.8045722713864307,0.7782485875706214
0.8437062237342405,Eazy-E,0.8409832499456167,0.875
0.8208830880311024,Eazy-E,0.8181201221581269,0.8333333333333334
0.858075667370847,Eazy-E,0.8573538721249209,0.8653846153846154
0.8160486674391657,Eazy-E,0.8138105567606653,0.8250728862973761
0.8080703569580963,Eazy-E,0.8085170643310178,0.8054054054054054
0.8179054987565626,Eazy-E,0.8166498146275699,0.8236196319018405
0.8568716780561884,Eazy-E,0.8556038947586493,0.8707482993197279
0.8489061541607034,Eazy-E,0.8473196109477493,0.8638297872340426
0.8293776371308017,Eazy-E,0.8225,0.8665540540540541
0.8554313099041534,Eazy-E,0.8528310200484688,0.8805970149253731
0.8308995327102804,Eazy-E,0.828125,0.8410326086956522
0.8158909745435845,Eazy-E,0.8107546048722519,0.8489483747609943
0.8493675737830586,Eazy-E,0.846392391978499,0.8871391076115486
0.8520472773322076,Eazy-E,0.8514027579648121,0.8571428571428571
0.8290198237885462,Eazy-E,0.8311599176389842,0.8203342618384402
0.8027210884353742,Eazy-E,0.8131952435749904,0.7674418604651163
0.8380204926967517,Eazy-E,0.8347467894354252,0.8673913043478261
0.8377358490566038,Eazy-E,0.8353645499251657,0.8687150837988827
0.8322645290581162,Eazy-E,0.8318928262748487,0.8370165745856354
0.803134962805526,Eazy-E,0.8028696194635059,0.8046594982078853
0.7213693312158108,Eminem,0.7239932885906041,0.7074527252502781
0.7175900018653236,Eminem,0.7152919790956601,0.728125
0.7405588484335309,Eminem,0.7442986881937437,0.7210526315789474
0.7412650062712776,Eminem,0.743047830923248,0.7338858195211786
0.7633265856950068,Eminem,0.7678534249427441,0.744
0.7590801241102391,Eminem,0.7710636207320068,0.7244318181818182
0.7279741164758586,Eminem,0.7469512195121951,0.7097560975609756
0.7221996753246753,Eminem,0.7136774880255455,0.7495726495726496
0.7308567096285065,Eminem,0.7280134196022047,0.7416137805983681
0.7553371738393765,Eminem,0.7580313014827018,0.7428298279158699
0.7637873754152824,Eminem,0.7646,0.7598039215686274
0.7404038566490814,Eminem,0.7474865559971943,0.7155737704918033
0.7570649479424888,Eminem,0.7555901224965973,0.7654185022026432
0.7483892284817446,Eminem,0.7489378138277327,0.7451428571428571
0.7392037786774629,Eminem,0.7387971698113207,0.7416666666666667
0.7554900032776138,Eminem,0.7569605568445475,0.7473118279569892
0.7443064182194618,Eminem,0.7425051334702258,0.7537796976241901
0.7224183583406885,Eminem,0.7077309868007542,0.7570370370370371
0.7411764705882353,Eminem,0.7452858425621072,0.7320478723404256
0.7272727272727273,Eminem,0.7769652650822669,0.7166340508806263
0.7283097131005877,Eminem,0.733429692339459,0.7020148462354189
0.7304545454545455,Eminem,0.7147719537100068,0.761969904240766
0.7630057803468208,Eminem,0.770779934090077,0.7509903791737408
0.7759249609171444,Ice Cube,0.7773828756058159,0.7698519515477793
0.7967112024665981,Ice Cube,0.7976786527082385,0.7876857749469215
0.7870886075949367,Ice Cube,0.7889965614254455,0.7789613848202397
0.7913907284768212,Ice Cube,0.7958623601435507,0.7380352644836272
0.7932416953035509,Ice Cube,0.7958307786633967,0.7565217391304347
0.7896114354741293,Ice Cube,0.7934303350970018,0.7494199535962877
0.7872972355494631,Ice Cube,0.7919337606837606,0.7598736176935229
0.8086124401913876,Ice Cube,0.8084730803177406,0.8099173553719008
0.7828546562228025,Ice Cube,0.7840136054421769,0.7729166666666667
0.7996086105675146,Ice Cube,0.8023106546854942,0.7706422018348624
0.8057263643351268,Ice Cube,0.8067349926793558,0.7943262411347518
0.7463633959270034,Ice Cube,0.7524240465416936,0.7190684133915575
0.7855521155830754,Ice Cube,0.7921064708581919,0.7268993839835729
0.7796356376341402,Ice Cube,0.7807228915662651,0.7743813682678311
0.7946447396162766,Ice Cube,0.7955241460541814,0.7871485943775101
0.7994174757281554,Ice Cube,0.8022001269303999,0.7683215130023641
0.777511961722488,Ice Cube,0.7712609970674487,0.8051948051948052
0.8146457630482239,Ice Cube,0.8160408798044879,0.8029739776951673
0.805990656773839,Ice Cube,0.8034095030830612,0.8140589569160998
0.7787100157315154,Ice Cube,0.7764477515367195,0.7883817427385892
0.76949826130154,Ice Cube,0.7738379022646007,0.7477611940298508
0.7797776601376389,Ice Cube,0.7808127914723517,0.7757731958762887
0.7961438039767021,Ice Cube,0.800979519145147,0.7515400410677618
0.7562065541211519,Ice Cube,0.7566091954022989,0.7536496350364964
0.7816686251468861,Ice Cube,0.7781367797522887,0.8059149722735675
0.7728243459690336,Ice Cube,0.7742368332774237,0.7673202614379085
0.7740532241555783,Ice Cube,0.7792906903103229,0.752
0.7983735277621985,Ice Cube,0.801980198019802,0.7882978723404256
0.7534660952861104,Ice Cube,0.7570621468926554,0.7334437086092715
0.7466456195737964,Ice Cube,0.8120672601384767,0.7032173342087984
0.8090758162700609,Immortal Technique,0.7877229080932785,0.8982808022922636
0.8211592329239388,Immortal Technique,0.8114077669902913,0.8982725527831094
0.7745969983324069,Immortal Technique,0.7595149882115191,0.8457869634340223
0.8113207547169812,Immortal Technique,0.8061760840998686,0.8677884615384616
0.8157781599312124,Immortal Technique,0.8064438566963212,0.8945233265720081
0.7703103913630229,Immortal Technique,0.7571976967370442,0.8411053540587219
0.7718434654196407,Immortal Technique,0.7635248187395427,0.8343815513626834
0.8118376324735053,Immortal Technique,0.8076082203760385,0.8571428571428571
0.7605109100585418,Immortal Technique,0.749845009299442,0.825187969924812
0.8010101010101011,Immortal Technique,0.7887323943661971,0.8667736757624398
0.813601060806971,Immortal Technique,0.8094174954333265,0.8721590909090909
0.8190264593011513,Immortal Technique,0.8146986332063635,0.8586065573770492
0.7776584317937701,Immortal Technique,0.7607458912768648,0.8732142857142857
0.8150159146227298,Immortal Technique,0.8117599839454144,0.8603351955307262
0.7763957987838584,Immortal Technique,0.7592039800995025,0.8623548922056384
0.8026486626850169,Immortal Technique,0.7855153203342619,0.8919354838709678
0.8036881419234361,Immortal Technique,0.7921318447634237,0.8869731800766284
0.8061607813673929,Immortal Technique,0.7916050842447532,0.8868852459016393
0.8039535357652333,Immortal Technique,0.8003561095036724,0.8429951690821256
0.8426616915422885,Isaiah Rashad,0.8437367303609342,0.7982456140350878
0.8487492728330425,Isaiah Rashad,0.8503750493485985,0.7582417582417582
0.845369073814763,Isaiah Rashad,0.8463419604646424,0.7934782608695652
0.8332586284177499,Isaiah Rashad,0.8337566381897945,0.816793893129771
0.8015441807263368,Isaiah Rashad,0.8017715332926084,0.7982062780269058
0.8413025556471558,Isaiah Rashad,0.8414096916299559,0.8352941176470589
0.8516291698991466,Isaiah Rashad,0.8518957345971564,0.8369565217391305
0.8003902982994145,Isaiah Rashad,0.800235017626322,0.8032786885245902
0.8415943824865758,Isaiah Rashad,0.842327150084317,0.8061224489795918
0.7947196677543755,Isaiah Rashad,0.7937817258883249,0.8082191780821918
0.7943813508667065,Isaiah Rashad,0.7935235652452709,0.8061674008810573
0.8490188225871045,Isaiah Rashad,0.8494777800532459,0.8288288288288288
0.8065468204990609,Isaiah Rashad,0.8071609811107978,0.7944444444444444
0.8358952154145919,Isaiah Rashad,0.8353227232537578,0.8631578947368421
0.8362649294245386,Isaiah Rashad,0.8361493997332148,0.8411214953271028
0.7386243386243386,Jay-z,0.7427525175465365,0.7117296222664016
0.779633401221996,Jay-z,0.7838772422736114,0.7102473498233216
0.7857997606701237,Jay-z,0.7868062827225131,0.7656903765690377
0.7934575884366679,Jay-z,0.7978744736314417,0.7121771217712177
0.7980120030007501,Jay-z,0.8011834319526627,0.7366412213740458
0.7864153906556733,Jay-z,0.7884022208513264,0.7445887445887446
0.7292282871739715,Jay-z,0.7349922239502333,0.6924603174603174
0.8057271195957327,Jay-z,0.805511811023622,0.8098859315589354
0.7856165722102795,Jay-z,0.7885363357215968,0.7241379310344828
0.7125053717232488,Jay-z,0.7278165503489531,0.7009063444108762
0.7180793991416309,Jay-z,0.7259644825474587,0.6623376623376623
0.7682166826462129,Jay-z,0.7721347093970669,0.7387755102040816
0.7673860911270983,Jay-z,0.7715294756859549,0.7361963190184049
0.7082141397629751,Jay-z,0.7523719165085389,0.674802584350323
0.7727364796435082,J Cole,0.7801292047226553,0.6986607142857143
0.738158594997339,J Cole,0.7522245037645449,0.6889952153110048
0.7859321729768527,J Cole,0.7921092564491654,0.6777408637873754
0.7634211063482343,J Cole,0.772930648769575,0.6643356643356644
0.7365535248041776,J Cole,0.7509072913229957,0.6821026282853567
0.7838974947408682,J Cole,0.7924764890282132,0.6914414414414415
0.7805939095895593,J Cole,0.7892367505627174,0.675
0.7474143874971271,J Cole,0.7599893446989877,0.6683417085427136
0.7381942745289943,J Cole,0.7561921814383766,0.65625
0.7448381340810604,J Cole,0.762799740764744,0.6786140979689367
0.7588731144631766,J Cole,0.7682772577789021,0.6918918918918919
0.7414687414687414,J Cole,0.7559652928416486,0.6967670011148273
0.7840197380907193,J Cole,0.7907167796262066,0.7025
0.7791563275434243,J Cole,0.7876344086021505,0.6774193548387096
0.7701929192283231,Joey Bada,0.7738287560581584,0.7291666666666666
0.7949830252734817,Joey Bada,0.7961923847695391,0.7756410256410257
0.799048960901726,Joey Bada,0.8019528371407516,0.736
0.788000766724171,Joey Bada,0.7892494929006085,0.7665505226480837
0.7988077496274217,Joey Bada,0.7974857591828718,0.8231046931407943
0.7895720814291649,Joey Bada,0.7888636363636363,0.7971014492753623
0.7938945771710277,Joey Bada,0.7926829268292683,0.8161764705882353
0.7713995943204868,Joey Bada,0.7737839001291433,0.7323943661971831
0.7755929454692885,Joey Bada,0.7787187839305103,0.7317073170731707
0.736663179916318,Joey Bada,0.7384379785604901,0.7262969588550984
0.7530819434372734,Joey Bada,0.7534076827757125,0.7526223776223776
0.970889063729347,Kanye West,0.9411764705882353,0.9721311475409836
0.8043809523809524,Kanye West,0.8073728985213693,0.7571884984025559
0.7955679776402476,Kanye West,0.7987179487179488,0.7507598784194529
0.7459309249702263,Kanye West,0.790893760539629,0.705926481620405
0.7502821670428894,Kanye West,0.7576182136602452,0.7198838896952104
0.8142116950407106,Kanye West,0.8125729855975088,0.8458646616541353
0.7885829754988634,Kanye West,0.7881406436233611,0.7910447761194029
0.733689431514689,Kanye West,0.7964458804523424,0.6775126536514823
0.7235772357723578,Kanye West,0.8369441277080958,0.660770688566014
0.7706699928724162,Kendrick Lamar,0.7730814179976626,0.7447698744769874
0.7692847124824684,Kendrick Lamar,0.7724767154533358,0.7313769751693002
0.7683018867924528,Kendrick Lamar,0.7702903157448612,0.7521514629948365
0.7627368033842192,Kendrick Lamar,0.7670870626525631,0.7216890595009597
0.7345385347288297,Kendrick Lamar,0.7366354575656902,0.7267637178051511
0.7494336202990485,Kendrick Lamar,0.7490939503763591,0.750906892382104
0.7520621057738962,Kendrick Lamar,0.7625540405719987,0.7237668161434978
0.7464985994397759,Kendrick Lamar,0.7568147013782542,0.7134445534838076
0.7781954887218046,Kendrick Lamar,0.7791275538376587,0.766109785202864
0.7274155538098979,Kendrick Lamar,0.7394285714285714,0.7010050251256281
0.7399250234301781,Kendrick Lamar,0.7457220054037826,0.7193169690501601
0.971386647101981,Lil Wayne,1.0,0.970499243570348
0.7960323574730355,Lil Wayne,0.8055317324185248,0.7121212121212122
0.8050204319906596,Lil Wayne,0.8100825727944372,0.7616387337057728
0.8068097705403405,Lil Wayne,0.8104074223477209,0.7668161434977578
0.79082774049217,Lil Wayne,0.7952504490121732,0.7280453257790368
0.7752423263327949,Lil Wayne,0.7803113352335014,0.7161125319693095
0.7891304347826087,Lil Wayne,0.7962841530054645,0.7216494845360825
0.7367688022284122,Logic,0.8092280390417036,0.689971346704871
0.8042089440060127,Logic,0.8073039742212674,0.782608695652174
0.8044259504444865,Logic,0.8081774684645499,0.7793904208998549
0.7835968379446641,Logic,0.7902416780665754,0.7403560830860534
0.8071236559139785,Logic,0.866517524235645,0.7584097859327217
0.8131749460043196,Logic,0.8199463142680157,0.7671809256661991
0.7907758827768436,Logic,0.8133154901304784,0.7333901192504259
0.7794859476339179,Logic,0.7931920359666025,0.7387988560533841
0.8138014527845037,Logic,0.821949602122016,0.7917414721723519
0.7442968162446728,Lupe Fiasco,0.7442151344590369,0.7446270543615676
0.7664764902616565,Lupe Fiasco,0.770132407206425,0.7310924369747899
0.7457286432160805,Lupe Fiasco,0.7461368653421634,0.7441285537700866
0.7583652618135377,Lupe Fiasco,0.7487261146496815,0.7974193548387096
0.7236873941446891,Lupe Fiasco,0.725,0.7161500815660685
0.7671343766864543,Mac Miller,0.7744171392564587,0.7236842105263158
0.8084447026922332,Mac Miller,0.8104667609618105,0.7616822429906542
0.7495831017231795,Mac Miller,0.7549520766773163,0.7136752136752137
0.7547242576166603,Montana of 300,0.8393939393939394,0.7258147956544232
0.8596527923028655,NF,0.8671781347398705,0.8081967213114755
0.815684029765312,Pusha-T,0.8186323092170465,0.7397959183673469
0.7726822012890431,Pusha-T,0.7737556561085973,0.7581227436823105
0.7709942686269624,Pusha-T,0.7712,0.7680608365019012
0.8118333668746227,Pusha-T,0.8117400419287212,0.8140703517587939
0.710999281092739,Royce Da 59,0.7049873203719358,0.7154471544715447
